,BassTenor,BassAlto,BassSoprano,TenorAlto,TenorSoprano,AltoSoprano
0,No parallel 5ths or 8ths,No parallel 5ths or 8ths,No parallel 5ths or 8ths,No parallel 5ths or 8ths,No parallel 5ths or 8ths,No parallel 5ths or 8ths
1,No parallel 5ths or 8ths,No parallel 5ths or 8ths,No parallel 5ths or 8ths,No parallel 5ths or 8ths,No parallel 5ths or 8ths,No parallel 5ths or 8ths
2,No parallel 5ths or 8ths,No parallel 5ths or 8ths,No parallel 5ths or 8ths,No parallel 5ths or 8ths,No parallel 5ths or 8ths,No parallel 5ths or 8ths
3,No parallel 5ths or 8ths,No parallel 5ths or 8ths,No parallel 5ths or 8ths,No parallel 5ths or 8ths,No parallel 5ths or 8ths,No parallel 5ths or 8ths
4,No parallel 5ths or 8ths,No parallel 5ths or 8ths,No parallel 5ths or 8ths,No parallel 5ths or 8ths,No parallel 5ths or 8ths,No parallel 5ths or 8ths
5,No parallel 5ths or 8ths,No parallel 5ths or 8ths,No parallel 5ths or 8ths,No parallel 5ths or 8ths,No parallel 5ths or 8ths,No parallel 5ths or 8ths
6,No parallel 5ths or 8ths,No parallel 5ths or 8ths,No parallel 5ths or 8ths,No parallel 5ths or 8ths,No parallel 5ths or 8ths,No parallel 5ths or 8ths
7,No parallel 5ths or 8ths,No parallel 5ths or 8ths,No parallel 5ths or 8ths,No parallel 5ths or 8ths,No parallel 5ths or 8ths,No parallel 5ths or 8ths
